<?xml version="1.0" encoding="UTF-8"?>
<orders xmlns:xsi="http://www.w3.org/2001/XMLSchema-instance"
		xsi:noNamespaceSchemaLocation="schema.xsd">

  <fileid>XYZ20110930A</fileid>
  <date>2011-09-23</date>

  <order>
    <orderer>
      <category>3</category>
      <firstname>Édouard</firstname>
      <lastname>Jérôme</lastname>
    </orderer>

    <items>
      <item>
        <name>Widget+</name>
        <id>477</id>
        <count>1</count>
        <spec>
          <weight>1.2</weight>
          <height>60</height>
          <length>85</length>
          <description>Basic widget with minor enhancements.</description>
        </spec>
      </item>

      <item>
        <name>Slim Widget T1</name>
        <id>795</id>
        <count>1</count>
        <spec>
          <weight>0.9</weight>
          <height>30</height>
          <length>70</length>
          <description>A slim version with slightly reduced functionality and durability.</description>
        </spec>
      </item>
    </items>
  </order>

  <order>
    <orderer>
      <category>3</category>
      <firstname>Timothée</firstname>
      <lastname>Dalton</lastname>
    </orderer>

    <items>
      <item>
        <name>Slim Widget T1</name>
        <id>795</id>
        <count>1</count>
        <spec>
          <weight>0.9</weight>
          <height>30</height>
          <length>70</length>
          <description>A slim version with slightly reduced functionality and durability.</description>
        </spec>
      </item>

      <item>
        <name>Widget</name>
        <id>476</id>
        <count>2</count>
        <spec>
          <weight>1.3</weight>
          <height>70</height>
          <length>90</length>
          <description>The basic widget model that is going out of production soon.</description>
        </spec>
      </item>
    </items>
  </order>

</orders>
