<?xml version="1.0" encoding="UTF-8"?>
<example>

  <foo>
    <desc>This is 1st foo.</desc>
    <time>2011-06-20T16:46:07+02:00</time>
    <events>
      <event>
	<desc>Something going on.</desc>
	<time>2011-06-20T17:05:53+02:00</time>
      </event>
      <event>
	<desc>Still going on.</desc>
	<time>2011-06-20T17:06:54+02:00</time>
      </event>
    </events>
  </foo>

  <foo>
    <desc>This is 2nd foo.</desc>
    <time>2011-06-20T17:07:29+02:00</time>
    <events>
      <event>
	<desc>Something going on.</desc>
	<time>2011-06-20T17:07:49+02:00</time>
      </event>
      <event>
	<desc>Still going on.</desc>
	<time>2011-06-20T17:08:03+02:00</time>
      </event>
    </events>
  </foo>

  <foo>
    <desc>3rd foo has no events.</desc>
    <time>2011-06-20T17:09:32+02:00</time>
  </foo>

</example>
